,tanggal,stasiun,pm25,pm10,so2,co,o3,no2,max,critical,categori
4383,2023-01-01,DKI4 (Lubang Buaya),57.0,23.0,,,,,57.0,PM25,SEDANG
4384,2023-01-02,DKI4 (Lubang Buaya),53.0,27.0,53.0,3.0,12.0,10.0,53.0,PM25,SEDANG
4385,2023-01-03,DKI4 (Lubang Buaya),43.0,19.0,53.0,3.0,11.0,9.0,53.0,SO2,SEDANG
4386,2023-01-04,DKI4 (Lubang Buaya),51.0,17.0,53.0,4.0,9.0,10.0,53.0,SO2,SEDANG
4387,2023-01-05,DKI4 (Lubang Buaya),59.0,21.0,53.0,19.0,14.0,11.0,59.0,PM25,SEDANG
4388,2023-01-06,DKI4 (Lubang Buaya),68.0,38.0,53.0,16.0,12.0,10.0,68.0,PM25,SEDANG
4389,2023-01-07,DKI4 (Lubang Buaya),64.0,30.0,53.0,14.0,9.0,7.0,64.0,PM25,SEDANG
4390,2023-01-08,DKI4 (Lubang Buaya),60.0,21.0,53.0,13.0,9.0,5.0,60.0,PM25,SEDANG
4391,2023-01-09,DKI4 (Lubang Buaya),68.0,37.0,53.0,15.0,9.0,8.0,68.0,PM25,SEDANG
4392,2023-01-10,DKI4 (Lubang Buaya),63.0,32.0,53.0,13.0,11.0,8.0,63.0,PM25,SEDANG
4393,2023-01-11,DKI4 (Lubang Buaya),81.0,36.0,54.0,14.0,23.0,12.0,81.0,PM25,SEDANG
4394,2023-01-12,DKI4 (Lubang Buaya),111.0,,54.0,15.0,26.0,14.0,111.0,PM25,TIDAK SEHAT
4395,2023-01-13,DKI4 (Lubang Buaya),135.0,,55.0,15.0,28.0,15.0,135.0,PM25,TIDAK SEHAT
4396,2023-01-14,DKI4 (Lubang Buaya),91.0,54.0,54.0,17.0,19.0,19.0,91.0,PM25,SEDANG
4397,2023-01-15,DKI4 (Lubang Buaya),73.0,47.0,54.0,12.0,15.0,11.0,73.0,PM25,SEDANG
4398,2023-01-16,DKI4 (Lubang Buaya),,,,,,,,,TIDAK ADA DATA
4399,2023-01-17,DKI4 (Lubang Buaya),66.0,45.0,53.0,13.0,7.0,8.0,66.0,PM25,SEDANG
4400,2023-01-18,DKI4 (Lubang Buaya),80.0,42.0,54.0,14.0,8.0,14.0,80.0,PM25,SEDANG
4401,2023-01-19,DKI4 (Lubang Buaya),79.0,40.0,54.0,16.0,7.0,10.0,79.0,PM25,SEDANG
4402,2023-01-20,DKI4 (Lubang Buaya),65.0,39.0,54.0,13.0,11.0,10.0,65.0,PM25,SEDANG
4403,2023-01-21,DKI4 (Lubang Buaya),75.0,43.0,54.0,14.0,10.0,10.0,75.0,PM25,SEDANG
4404,2023-01-22,DKI4 (Lubang Buaya),66.0,,53.0,13.0,9.0,9.0,66.0,PM25,SEDANG
4405,2023-01-23,DKI4 (Lubang Buaya),51.0,37.0,53.0,11.0,11.0,4.0,53.0,SO2,SEDANG
4406,2023-01-24,DKI4 (Lubang Buaya),43.0,32.0,53.0,10.0,11.0,3.0,53.0,SO2,SEDANG
4407,2023-01-25,DKI4 (Lubang Buaya),53.0,52.0,55.0,10.0,10.0,5.0,55.0,SO2,SEDANG
4408,2023-01-26,DKI4 (Lubang Buaya),61.0,41.0,54.0,13.0,12.0,11.0,61.0,PM25,SEDANG
4409,2023-01-27,DKI4 (Lubang Buaya),66.0,50.0,54.0,13.0,10.0,15.0,66.0,PM25,SEDANG
4410,2023-01-28,DKI4 (Lubang Buaya),68.0,44.0,54.0,14.0,7.0,17.0,68.0,PM25,SEDANG
4411,2023-01-29,DKI4 (Lubang Buaya),82.0,53.0,54.0,20.0,8.0,11.0,82.0,PM25,SEDANG
4412,2023-01-30,DKI4 (Lubang Buaya),65.0,51.0,53.0,14.0,14.0,13.0,65.0,PM25,SEDANG
4413,2023-01-31,DKI4 (Lubang Buaya),90.0,56.0,54.0,16.0,15.0,20.0,90.0,PM25,SEDANG
4414,2023-02-01,DKI4 (Lubang Buaya),65.0,51.0,55.0,12.0,13.0,16.0,65.0,PM25,SEDANG
4415,2023-02-02,DKI4 (Lubang Buaya),66.0,46.0,53.0,13.0,8.0,15.0,66.0,PM25,SEDANG
4416,2023-02-03,DKI4 (Lubang Buaya),53.0,40.0,54.0,10.0,9.0,12.0,54.0,SO2,SEDANG
4417,2023-02-04,DKI4 (Lubang Buaya),74.0,55.0,55.0,14.0,9.0,12.0,74.0,PM25,SEDANG
4418,2023-02-05,DKI4 (Lubang Buaya),71.0,44.0,54.0,16.0,7.0,10.0,71.0,PM25,SEDANG
4419,2023-02-06,DKI4 (Lubang Buaya),56.0,41.0,54.0,11.0,12.0,4.0,56.0,PM25,SEDANG
4420,2023-02-07,DKI4 (Lubang Buaya),65.0,38.0,54.0,12.0,12.0,10.0,65.0,PM25,SEDANG
4421,2023-02-08,DKI4 (Lubang Buaya),61.0,44.0,53.0,15.0,7.0,15.0,61.0,PM25,SEDANG
4422,2023-02-09,DKI4 (Lubang Buaya),61.0,44.0,53.0,13.0,7.0,10.0,61.0,PM25,SEDANG
4423,2023-02-10,DKI4 (Lubang Buaya),42.0,31.0,53.0,10.0,11.0,6.0,53.0,SO2,SEDANG
4424,2023-02-11,DKI4 (Lubang Buaya),51.0,38.0,53.0,12.0,8.0,9.0,53.0,SO2,SEDANG
4425,2023-02-12,DKI4 (Lubang Buaya),42.0,33.0,53.0,12.0,8.0,10.0,53.0,SO2,SEDANG
4426,2023-02-13,DKI4 (Lubang Buaya),51.0,35.0,53.0,14.0,7.0,8.0,53.0,SO2,SEDANG
4427,2023-02-14,DKI4 (Lubang Buaya),39.0,31.0,53.0,11.0,7.0,6.0,53.0,SO2,SEDANG
4428,2023-02-15,DKI4 (Lubang Buaya),48.0,33.0,53.0,11.0,9.0,5.0,53.0,SO2,SEDANG
4429,2023-02-16,DKI4 (Lubang Buaya),53.0,29.0,26.0,5.0,7.0,8.0,53.0,PM25,SEDANG
4430,2023-02-17,DKI4 (Lubang Buaya),48.0,33.0,27.0,6.0,8.0,9.0,48.0,PM25,BAIK
4431,2023-02-18,DKI4 (Lubang Buaya),75.0,51.0,27.0,11.0,14.0,14.0,75.0,PM25,SEDANG
4432,2023-02-19,DKI4 (Lubang Buaya),82.0,60.0,27.0,13.0,13.0,14.0,82.0,PM25,SEDANG
4433,2023-02-20,DKI4 (Lubang Buaya),56.0,52.0,26.0,12.0,6.0,7.0,56.0,PM25,SEDANG
4434,2023-02-21,DKI4 (Lubang Buaya),41.0,40.0,26.0,6.0,6.0,6.0,41.0,PM25,BAIK
4435,2023-02-22,DKI4 (Lubang Buaya),43.0,39.0,27.0,6.0,9.0,8.0,43.0,PM25,BAIK
4436,2023-02-23,DKI4 (Lubang Buaya),59.0,50.0,27.0,11.0,8.0,14.0,59.0,PM25,SEDANG
4437,2023-02-24,DKI4 (Lubang Buaya),49.0,51.0,26.0,9.0,10.0,17.0,51.0,PM10,SEDANG
4438,2023-02-25,DKI4 (Lubang Buaya),55.0,45.0,26.0,11.0,14.0,18.0,55.0,PM25,SEDANG
4439,2023-02-26,DKI4 (Lubang Buaya),52.0,40.0,27.0,8.0,15.0,12.0,52.0,PM25,SEDANG
4440,2023-02-27,DKI4 (Lubang Buaya),50.0,46.0,27.0,7.0,16.0,15.0,50.0,PM25,BAIK
4441,2023-02-28,DKI4 (Lubang Buaya),61.0,54.0,29.0,10.0,14.0,18.0,61.0,PM25,SEDANG
4442,2023-03-01,DKI4 (Lubang Buaya),50.0,35.0,28.0,11.0,7.0,17.0,50.0,PM25,BAIK
4443,2023-03-02,DKI4 (Lubang Buaya),39.0,38.0,27.0,10.0,5.0,13.0,39.0,PM25,BAIK
4444,2023-03-03,DKI4 (Lubang Buaya),50.0,35.0,28.0,10.0,8.0,14.0,50.0,PM25,BAIK
4445,2023-03-04,DKI4 (Lubang Buaya),51.0,31.0,28.0,10.0,10.0,14.0,51.0,PM25,SEDANG
4446,2023-03-05,DKI4 (Lubang Buaya),50.0,46.0,28.0,9.0,8.0,11.0,50.0,PM25,BAIK
4447,2023-03-06,DKI4 (Lubang Buaya),54.0,51.0,28.0,6.0,8.0,7.0,54.0,PM25,SEDANG
4448,2023-03-07,DKI4 (Lubang Buaya),64.0,34.0,29.0,8.0,10.0,10.0,64.0,PM25,SEDANG
4449,2023-03-08,DKI4 (Lubang Buaya),86.0,,31.0,12.0,8.0,17.0,86.0,PM25,SEDANG
4450,2023-03-09,DKI4 (Lubang Buaya),87.0,50.0,30.0,13.0,14.0,20.0,87.0,PM25,SEDANG
4451,2023-03-10,DKI4 (Lubang Buaya),77.0,,29.0,15.0,17.0,17.0,77.0,PM25,SEDANG
4452,2023-03-11,DKI4 (Lubang Buaya),73.0,49.0,29.0,11.0,20.0,23.0,73.0,PM25,SEDANG
4453,2023-03-12,DKI4 (Lubang Buaya),109.0,64.0,30.0,16.0,14.0,22.0,109.0,PM25,TIDAK SEHAT
4454,2023-03-13,DKI4 (Lubang Buaya),107.0,64.0,31.0,11.0,23.0,16.0,107.0,PM25,TIDAK SEHAT
4455,2023-03-14,DKI4 (Lubang Buaya),76.0,,30.0,11.0,12.0,20.0,76.0,PM25,SEDANG
4456,2023-03-15,DKI4 (Lubang Buaya),63.0,50.0,30.0,9.0,15.0,19.0,63.0,PM25,SEDANG
4457,2023-03-16,DKI4 (Lubang Buaya),107.0,,30.0,19.0,15.0,20.0,107.0,PM25,TIDAK SEHAT
4458,2023-03-17,DKI4 (Lubang Buaya),92.0,,30.0,16.0,16.0,18.0,92.0,PM25,SEDANG
4459,2023-03-18,DKI4 (Lubang Buaya),85.0,,30.0,10.0,23.0,17.0,85.0,PM25,SEDANG
4460,2023-03-19,DKI4 (Lubang Buaya),84.0,61.0,32.0,12.0,20.0,16.0,84.0,PM25,SEDANG
4461,2023-03-20,DKI4 (Lubang Buaya),91.0,52.0,32.0,12.0,26.0,19.0,91.0,PM25,SEDANG
4462,2023-03-21,DKI4 (Lubang Buaya),94.0,59.0,31.0,11.0,21.0,17.0,94.0,PM25,SEDANG
4463,2023-03-22,DKI4 (Lubang Buaya),87.0,60.0,31.0,7.0,22.0,16.0,87.0,PM25,SEDANG
4464,2023-03-23,DKI4 (Lubang Buaya),87.0,63.0,33.0,13.0,15.0,11.0,87.0,PM25,SEDANG
4465,2023-03-24,DKI4 (Lubang Buaya),85.0,57.0,33.0,8.0,19.0,13.0,85.0,PM25,SEDANG
4466,2023-03-25,DKI4 (Lubang Buaya),91.0,,32.0,11.0,18.0,22.0,91.0,PM25,SEDANG
4467,2023-03-26,DKI4 (Lubang Buaya),71.0,,31.0,11.0,14.0,14.0,71.0,PM25,SEDANG
4468,2023-03-27,DKI4 (Lubang Buaya),76.0,,31.0,16.0,12.0,13.0,76.0,PM25,SEDANG
4469,2023-03-28,DKI4 (Lubang Buaya),85.0,,32.0,18.0,7.0,18.0,85.0,PM25,SEDANG
4470,2023-03-29,DKI4 (Lubang Buaya),113.0,,32.0,21.0,13.0,20.0,113.0,PM25,TIDAK SEHAT
4471,2023-03-30,DKI4 (Lubang Buaya),85.0,,33.0,17.0,12.0,15.0,85.0,PM25,SEDANG
4472,2023-03-31,DKI4 (Lubang Buaya),56.0,,31.0,11.0,10.0,13.0,56.0,PM25,SEDANG
4473,2023-04-01,DKI4 (Lubang Buaya),50.0,,31.0,3.0,13.0,8.0,50.0,PM25,BAIK
4474,2023-04-02,DKI4 (Lubang Buaya),56.0,,31.0,6.0,12.0,10.0,56.0,PM25,SEDANG
4475,2023-04-03,DKI4 (Lubang Buaya),91.0,,33.0,8.0,15.0,15.0,91.0,PM25,SEDANG
4476,2023-04-04,DKI4 (Lubang Buaya),61.0,,31.0,6.0,11.0,11.0,61.0,PM25,SEDANG
4477,2023-04-05,DKI4 (Lubang Buaya),86.0,,36.0,7.0,26.0,16.0,86.0,PM25,SEDANG
4478,2023-04-06,DKI4 (Lubang Buaya),85.0,,35.0,6.0,24.0,16.0,85.0,PM25,SEDANG
4479,2023-04-07,DKI4 (Lubang Buaya),72.0,,37.0,5.0,22.0,15.0,72.0,PM25,SEDANG
4480,2023-04-08,DKI4 (Lubang Buaya),95.0,,35.0,4.0,32.0,16.0,95.0,PM25,SEDANG
4481,2023-04-09,DKI4 (Lubang Buaya),99.0,,35.0,10.0,14.0,17.0,99.0,PM25,SEDANG
4482,2023-04-10,DKI4 (Lubang Buaya),55.0,,32.0,3.0,7.0,9.0,55.0,PM25,SEDANG
4483,2023-04-11,DKI4 (Lubang Buaya),,,,,,,,,TIDAK ADA DATA
4484,2023-04-12,DKI4 (Lubang Buaya),55.0,,32.0,3.0,7.0,7.0,55.0,PM25,SEDANG
4485,2023-04-13,DKI4 (Lubang Buaya),58.0,37.0,32.0,3.0,11.0,8.0,58.0,PM25,SEDANG
4486,2023-04-14,DKI4 (Lubang Buaya),70.0,50.0,34.0,3.0,17.0,13.0,70.0,PM25,SEDANG
4487,2023-04-15,DKI4 (Lubang Buaya),88.0,65.0,33.0,5.0,16.0,14.0,88.0,PM25,SEDANG
4488,2023-04-16,DKI4 (Lubang Buaya),82.0,57.0,33.0,6.0,17.0,11.0,82.0,PM25,SEDANG
4489,2023-04-17,DKI4 (Lubang Buaya),72.0,51.0,32.0,4.0,19.0,13.0,72.0,PM25,SEDANG
4490,2023-04-18,DKI4 (Lubang Buaya),86.0,62.0,38.0,5.0,20.0,14.0,86.0,PM25,SEDANG
4491,2023-04-19,DKI4 (Lubang Buaya),88.0,,33.0,7.0,19.0,11.0,88.0,PM25,SEDANG
4492,2023-04-20,DKI4 (Lubang Buaya),85.0,,32.0,13.0,18.0,15.0,85.0,PM25,SEDANG
4493,2023-04-21,DKI4 (Lubang Buaya),78.0,,32.0,8.0,18.0,13.0,78.0,PM25,SEDANG
4494,2023-04-22,DKI4 (Lubang Buaya),79.0,,33.0,,19.0,11.0,79.0,PM25,SEDANG
4495,2023-04-23,DKI4 (Lubang Buaya),78.0,,34.0,,21.0,5.0,78.0,PM25,SEDANG
4496,2023-04-24,DKI4 (Lubang Buaya),76.0,,33.0,6.0,19.0,10.0,76.0,PM25,SEDANG
4497,2023-04-25,DKI4 (Lubang Buaya),64.0,,33.0,5.0,18.0,11.0,64.0,PM25,SEDANG
4498,2023-04-26,DKI4 (Lubang Buaya),80.0,,34.0,7.0,15.0,13.0,80.0,PM25,SEDANG
4499,2023-04-27,DKI4 (Lubang Buaya),83.0,,34.0,10.0,16.0,13.0,83.0,PM25,SEDANG
4500,2023-04-28,DKI4 (Lubang Buaya),81.0,,33.0,6.0,14.0,10.0,81.0,PM25,SEDANG
4501,2023-04-29,DKI4 (Lubang Buaya),98.0,,34.0,9.0,18.0,18.0,98.0,PM25,SEDANG
4502,2023-04-30,DKI4 (Lubang Buaya),104.0,,33.0,6.0,18.0,13.0,104.0,PM25,TIDAK SEHAT
4503,2023-05-01,DKI4 (Lubang Buaya),76.0,,33.0,,18.0,14.0,76.0,PM25,SEDANG
4504,2023-05-02,DKI4 (Lubang Buaya),113.0,,35.0,,15.0,14.0,113.0,PM25,TIDAK SEHAT
4505,2023-05-03,DKI4 (Lubang Buaya),92.0,,35.0,,18.0,13.0,92.0,PM25,SEDANG
4506,2023-05-04,DKI4 (Lubang Buaya),62.0,,33.0,21.0,15.0,15.0,62.0,PM25,SEDANG
4507,2023-05-05,DKI4 (Lubang Buaya),82.0,,34.0,24.0,23.0,15.0,82.0,PM25,SEDANG
4508,2023-05-06,DKI4 (Lubang Buaya),71.0,,34.0,20.0,26.0,13.0,71.0,PM25,SEDANG
4509,2023-05-07,DKI4 (Lubang Buaya),107.0,,37.0,37.0,17.0,19.0,107.0,PM25,TIDAK SEHAT
4510,2023-05-08,DKI4 (Lubang Buaya),88.0,,34.0,34.0,21.0,20.0,88.0,PM25,SEDANG
4511,2023-05-09,DKI4 (Lubang Buaya),86.0,,35.0,36.0,21.0,17.0,86.0,PM25,SEDANG
4512,2023-05-10,DKI4 (Lubang Buaya),123.0,,36.0,26.0,19.0,13.0,123.0,PM25,TIDAK SEHAT
4513,2023-05-11,DKI4 (Lubang Buaya),109.0,,36.0,21.0,16.0,13.0,109.0,PM25,TIDAK SEHAT
4514,2023-05-12,DKI4 (Lubang Buaya),59.0,,39.0,13.0,12.0,13.0,59.0,PM25,SEDANG
4515,2023-05-13,DKI4 (Lubang Buaya),89.0,,36.0,20.0,17.0,12.0,89.0,PM25,SEDANG
4516,2023-05-14,DKI4 (Lubang Buaya),78.0,,34.0,23.0,17.0,12.0,78.0,PM25,SEDANG
4517,2023-05-15,DKI4 (Lubang Buaya),102.0,,37.0,24.0,25.0,17.0,102.0,PM25,TIDAK SEHAT
4518,2023-05-16,DKI4 (Lubang Buaya),104.0,,37.0,22.0,26.0,17.0,104.0,PM25,TIDAK SEHAT
4519,2023-05-17,DKI4 (Lubang Buaya),114.0,,37.0,22.0,22.0,15.0,114.0,PM25,TIDAK SEHAT
4520,2023-05-18,DKI4 (Lubang Buaya),113.0,,37.0,21.0,22.0,16.0,113.0,PM25,TIDAK SEHAT
4521,2023-05-19,DKI4 (Lubang Buaya),114.0,,37.0,23.0,23.0,16.0,114.0,PM25,TIDAK SEHAT
4522,2023-05-20,DKI4 (Lubang Buaya),119.0,,36.0,27.0,16.0,16.0,119.0,PM25,TIDAK SEHAT
4523,2023-05-21,DKI4 (Lubang Buaya),118.0,,37.0,26.0,22.0,15.0,118.0,PM25,TIDAK SEHAT
4524,2023-05-22,DKI4 (Lubang Buaya),97.0,,35.0,30.0,27.0,17.0,97.0,PM25,SEDANG
4525,2023-05-23,DKI4 (Lubang Buaya),115.0,,35.0,33.0,18.0,21.0,115.0,PM25,TIDAK SEHAT
4526,2023-05-24,DKI4 (Lubang Buaya),170.0,,38.0,35.0,17.0,18.0,170.0,PM25,TIDAK SEHAT
4527,2023-05-25,DKI4 (Lubang Buaya),136.0,,38.0,29.0,20.0,17.0,136.0,PM25,TIDAK SEHAT
4528,2023-05-26,DKI4 (Lubang Buaya),135.0,,39.0,28.0,22.0,24.0,135.0,PM25,TIDAK SEHAT
4529,2023-05-27,DKI4 (Lubang Buaya),139.0,,38.0,23.0,22.0,12.0,139.0,PM25,TIDAK SEHAT
4530,2023-05-28,DKI4 (Lubang Buaya),115.0,,36.0,30.0,19.0,19.0,115.0,PM25,TIDAK SEHAT
4531,2023-05-29,DKI4 (Lubang Buaya),126.0,,37.0,32.0,19.0,15.0,126.0,PM25,TIDAK SEHAT
4532,2023-05-30,DKI4 (Lubang Buaya),128.0,,38.0,28.0,24.0,17.0,128.0,PM25,TIDAK SEHAT
4533,2023-05-31,DKI4 (Lubang Buaya),110.0,,37.0,26.0,21.0,24.0,110.0,PM25,TIDAK SEHAT
4534,2023-06-01,DKI4 (Lubang Buaya),111.0,,39.0,25.0,23.0,21.0,111.0,PM25,TIDAK SEHAT
4535,2023-06-02,DKI4 (Lubang Buaya),136.0,,38.0,25.0,21.0,12.0,136.0,PM25,TIDAK SEHAT
4536,2023-06-03,DKI4 (Lubang Buaya),116.0,,39.0,21.0,21.0,15.0,116.0,PM25,TIDAK SEHAT
4537,2023-06-04,DKI4 (Lubang Buaya),117.0,,38.0,24.0,21.0,13.0,117.0,PM25,TIDAK SEHAT
4538,2023-06-05,DKI4 (Lubang Buaya),105.0,,40.0,22.0,22.0,13.0,105.0,PM25,TIDAK SEHAT
4539,2023-06-06,DKI4 (Lubang Buaya),105.0,,37.0,25.0,14.0,13.0,105.0,PM25,TIDAK SEHAT
4540,2023-06-07,DKI4 (Lubang Buaya),102.0,,37.0,29.0,18.0,16.0,102.0,PM25,TIDAK SEHAT
4541,2023-06-08,DKI4 (Lubang Buaya),118.0,,39.0,22.0,15.0,17.0,118.0,PM25,TIDAK SEHAT
4542,2023-06-09,DKI4 (Lubang Buaya),115.0,,38.0,24.0,15.0,14.0,115.0,PM25,TIDAK SEHAT
4543,2023-06-10,DKI4 (Lubang Buaya),106.0,,37.0,22.0,18.0,13.0,106.0,PM25,TIDAK SEHAT
4544,2023-06-11,DKI4 (Lubang Buaya),116.0,,39.0,22.0,25.0,14.0,116.0,PM25,TIDAK SEHAT
4545,2023-06-12,DKI4 (Lubang Buaya),113.0,,38.0,20.0,22.0,15.0,113.0,PM25,TIDAK SEHAT
4546,2023-06-13,DKI4 (Lubang Buaya),133.0,,40.0,24.0,19.0,13.0,133.0,PM25,TIDAK SEHAT
4547,2023-06-14,DKI4 (Lubang Buaya),102.0,,37.0,22.0,15.0,13.0,102.0,PM25,TIDAK SEHAT
4548,2023-06-15,DKI4 (Lubang Buaya),121.0,,39.0,31.0,14.0,17.0,121.0,PM25,TIDAK SEHAT
4549,2023-06-16,DKI4 (Lubang Buaya),108.0,,37.0,24.0,14.0,15.0,108.0,PM25,TIDAK SEHAT
4550,2023-06-17,DKI4 (Lubang Buaya),84.0,,39.0,27.0,10.0,17.0,84.0,PM25,SEDANG
4551,2023-06-18,DKI4 (Lubang Buaya),112.0,,37.0,39.0,12.0,15.0,112.0,PM25,TIDAK SEHAT
4552,2023-06-19,DKI4 (Lubang Buaya),83.0,,36.0,22.0,13.0,14.0,83.0,PM25,SEDANG
4553,2023-06-20,DKI4 (Lubang Buaya),102.0,,38.0,36.0,11.0,15.0,102.0,PM25,TIDAK SEHAT
4554,2023-06-21,DKI4 (Lubang Buaya),108.0,,39.0,22.0,20.0,16.0,108.0,PM25,TIDAK SEHAT
4555,2023-06-22,DKI4 (Lubang Buaya),119.0,,37.0,40.0,16.0,22.0,119.0,PM25,TIDAK SEHAT
4556,2023-06-23,DKI4 (Lubang Buaya),98.0,,38.0,21.0,17.0,14.0,98.0,PM25,SEDANG
4557,2023-06-24,DKI4 (Lubang Buaya),92.0,,38.0,21.0,25.0,14.0,92.0,PM25,SEDANG
4558,2023-06-25,DKI4 (Lubang Buaya),104.0,,38.0,25.0,20.0,19.0,104.0,PM25,TIDAK SEHAT
4559,2023-06-26,DKI4 (Lubang Buaya),93.0,,38.0,24.0,23.0,17.0,93.0,PM25,SEDANG
4560,2023-06-27,DKI4 (Lubang Buaya),113.0,,39.0,27.0,23.0,17.0,113.0,PM25,TIDAK SEHAT
4561,2023-06-28,DKI4 (Lubang Buaya),84.0,,39.0,19.0,22.0,14.0,84.0,PM25,SEDANG
4562,2023-06-29,DKI4 (Lubang Buaya),64.0,,38.0,16.0,18.0,10.0,64.0,PM25,SEDANG
4563,2023-06-30,DKI4 (Lubang Buaya),77.0,,39.0,17.0,21.0,11.0,77.0,PM25,SEDANG
4564,2023-07-01,DKI4 (Lubang Buaya),98.0,,38.0,27.0,17.0,18.0,98.0,PM25,SEDANG
4565,2023-07-02,DKI4 (Lubang Buaya),79.0,,37.0,27.0,18.0,14.0,79.0,PM25,SEDANG
4566,2023-07-03,DKI4 (Lubang Buaya),97.0,,39.0,21.0,23.0,13.0,97.0,PM25,SEDANG
4567,2023-07-04,DKI4 (Lubang Buaya),88.0,,39.0,22.0,23.0,17.0,88.0,PM25,SEDANG
4568,2023-07-05,DKI4 (Lubang Buaya),119.0,,39.0,31.0,22.0,16.0,119.0,PM25,TIDAK SEHAT
4569,2023-07-06,DKI4 (Lubang Buaya),113.0,,38.0,38.0,12.0,24.0,113.0,PM25,TIDAK SEHAT
4570,2023-07-07,DKI4 (Lubang Buaya),107.0,,39.0,33.0,12.0,21.0,107.0,PM25,TIDAK SEHAT
4571,2023-07-08,DKI4 (Lubang Buaya),98.0,,39.0,34.0,15.0,18.0,98.0,PM25,SEDANG
4572,2023-07-09,DKI4 (Lubang Buaya),92.0,,38.0,30.0,13.0,11.0,92.0,PM25,SEDANG
4573,2023-07-10,DKI4 (Lubang Buaya),84.0,,39.0,18.0,16.0,12.0,84.0,PM25,SEDANG
4574,2023-07-11,DKI4 (Lubang Buaya),151.0,,40.0,29.0,14.0,18.0,151.0,PM25,TIDAK SEHAT
4575,2023-07-12,DKI4 (Lubang Buaya),136.0,,40.0,29.0,20.0,15.0,136.0,PM25,TIDAK SEHAT
4576,2023-07-13,DKI4 (Lubang Buaya),120.0,,42.0,23.0,29.0,21.0,120.0,PM25,TIDAK SEHAT
4577,2023-07-14,DKI4 (Lubang Buaya),104.0,,42.0,21.0,32.0,21.0,104.0,PM25,TIDAK SEHAT
4578,2023-07-15,DKI4 (Lubang Buaya),90.0,,42.0,20.0,23.0,19.0,90.0,PM25,SEDANG
4579,2023-07-16,DKI4 (Lubang Buaya),101.0,,41.0,21.0,23.0,17.0,101.0,PM25,TIDAK SEHAT
4580,2023-07-17,DKI4 (Lubang Buaya),97.0,,41.0,19.0,24.0,16.0,97.0,PM25,SEDANG
4581,2023-07-18,DKI4 (Lubang Buaya),114.0,,,21.0,23.0,16.0,114.0,PM25,TIDAK SEHAT
4582,2023-07-19,DKI4 (Lubang Buaya),130.0,,,22.0,22.0,15.0,130.0,PM25,TIDAK SEHAT
4583,2023-07-20,DKI4 (Lubang Buaya),110.0,,,21.0,30.0,15.0,110.0,PM25,TIDAK SEHAT
4584,2023-07-21,DKI4 (Lubang Buaya),112.0,,28.0,24.0,32.0,20.0,112.0,PM25,TIDAK SEHAT
4585,2023-07-22,DKI4 (Lubang Buaya),125.0,,29.0,24.0,33.0,20.0,125.0,PM25,TIDAK SEHAT
4586,2023-07-23,DKI4 (Lubang Buaya),146.0,,27.0,23.0,22.0,13.0,146.0,PM25,TIDAK SEHAT
4587,2023-07-24,DKI4 (Lubang Buaya),104.0,,25.0,19.0,22.0,12.0,104.0,PM25,TIDAK SEHAT
4588,2023-07-25,DKI4 (Lubang Buaya),117.0,,26.0,27.0,19.0,19.0,117.0,PM25,TIDAK SEHAT
4589,2023-07-26,DKI4 (Lubang Buaya),124.0,,26.0,24.0,28.0,18.0,124.0,PM25,TIDAK SEHAT
4590,2023-07-27,DKI4 (Lubang Buaya),129.0,,26.0,34.0,25.0,24.0,129.0,PM25,TIDAK SEHAT
4591,2023-07-28,DKI4 (Lubang Buaya),129.0,,28.0,31.0,23.0,21.0,129.0,PM25,TIDAK SEHAT
4592,2023-07-29,DKI4 (Lubang Buaya),117.0,,27.0,21.0,26.0,17.0,117.0,PM25,TIDAK SEHAT
4593,2023-07-30,DKI4 (Lubang Buaya),129.0,,27.0,22.0,26.0,13.0,129.0,PM25,TIDAK SEHAT
4594,2023-07-31,DKI4 (Lubang Buaya),115.0,,26.0,18.0,24.0,14.0,115.0,PM25,TIDAK SEHAT
4595,2023-08-01,DKI4 (Lubang Buaya),103.0,,28.0,17.0,20.0,14.0,103.0,PM25,TIDAK SEHAT
4596,2023-08-02,DKI4 (Lubang Buaya),99.0,,29.0,18.0,23.0,13.0,99.0,PM25,SEDANG
4597,2023-08-03,DKI4 (Lubang Buaya),106.0,,28.0,21.0,22.0,14.0,106.0,PM25,TIDAK SEHAT
4598,2023-08-04,DKI4 (Lubang Buaya),110.0,,27.0,19.0,25.0,13.0,110.0,PM25,TIDAK SEHAT
4599,2023-08-05,DKI4 (Lubang Buaya),111.0,,26.0,18.0,26.0,12.0,111.0,PM25,TIDAK SEHAT
4600,2023-08-06,DKI4 (Lubang Buaya),118.0,,26.0,22.0,23.0,14.0,118.0,PM25,TIDAK SEHAT
4601,2023-08-07,DKI4 (Lubang Buaya),139.0,,25.0,31.0,28.0,18.0,139.0,PM25,TIDAK SEHAT
4602,2023-08-08,DKI4 (Lubang Buaya),105.0,,26.0,19.0,22.0,12.0,105.0,PM25,TIDAK SEHAT
4603,2023-08-09,DKI4 (Lubang Buaya),104.0,,27.0,16.0,24.0,10.0,104.0,PM25,TIDAK SEHAT
4604,2023-08-10,DKI4 (Lubang Buaya),102.0,,26.0,16.0,32.0,10.0,102.0,PM25,TIDAK SEHAT
4605,2023-08-11,DKI4 (Lubang Buaya),119.0,,28.0,21.0,32.0,14.0,119.0,PM25,TIDAK SEHAT
4606,2023-08-12,DKI4 (Lubang Buaya),126.0,,27.0,20.0,29.0,15.0,126.0,PM25,TIDAK SEHAT
4607,2023-08-13,DKI4 (Lubang Buaya),128.0,,26.0,22.0,26.0,13.0,128.0,PM25,TIDAK SEHAT
4608,2023-08-14,DKI4 (Lubang Buaya),115.0,,26.0,19.0,27.0,14.0,115.0,PM25,TIDAK SEHAT
4609,2023-08-15,DKI4 (Lubang Buaya),122.0,,28.0,23.0,30.0,18.0,122.0,PM25,TIDAK SEHAT
4610,2023-08-16,DKI4 (Lubang Buaya),138.0,,27.0,24.0,29.0,15.0,138.0,PM25,TIDAK SEHAT
4611,2023-08-17,DKI4 (Lubang Buaya),111.0,,27.0,23.0,23.0,18.0,111.0,PM25,TIDAK SEHAT
4612,2023-08-18,DKI4 (Lubang Buaya),82.0,,26.0,15.0,25.0,12.0,82.0,PM25,SEDANG
4613,2023-08-19,DKI4 (Lubang Buaya),127.0,,27.0,23.0,29.0,16.0,127.0,PM25,TIDAK SEHAT
4614,2023-08-20,DKI4 (Lubang Buaya),113.0,,27.0,17.0,28.0,10.0,113.0,PM25,TIDAK SEHAT
4615,2023-08-21,DKI4 (Lubang Buaya),105.0,,26.0,19.0,26.0,13.0,105.0,PM25,TIDAK SEHAT
4616,2023-08-22,DKI4 (Lubang Buaya),123.0,,27.0,22.0,23.0,20.0,123.0,PM25,TIDAK SEHAT
4617,2023-08-23,DKI4 (Lubang Buaya),110.0,,27.0,19.0,26.0,15.0,110.0,PM25,TIDAK SEHAT
4618,2023-08-24,DKI4 (Lubang Buaya),114.0,,28.0,20.0,26.0,17.0,114.0,PM25,TIDAK SEHAT
4619,2023-08-25,DKI4 (Lubang Buaya),112.0,,28.0,20.0,33.0,15.0,112.0,PM25,TIDAK SEHAT
4620,2023-08-26,DKI4 (Lubang Buaya),96.0,,27.0,17.0,30.0,10.0,96.0,PM25,SEDANG
4621,2023-08-27,DKI4 (Lubang Buaya),139.0,,27.0,23.0,29.0,18.0,139.0,PM25,TIDAK SEHAT
4622,2023-08-28,DKI4 (Lubang Buaya),98.0,,27.0,25.0,20.0,22.0,98.0,PM25,SEDANG
4623,2023-08-29,DKI4 (Lubang Buaya),108.0,,28.0,22.0,21.0,21.0,108.0,PM25,TIDAK SEHAT
4624,2023-08-30,DKI4 (Lubang Buaya),113.0,,27.0,24.0,29.0,17.0,113.0,PM25,TIDAK SEHAT
4625,2023-08-31,DKI4 (Lubang Buaya),108.0,,27.0,22.0,32.0,19.0,108.0,PM25,TIDAK SEHAT
4626,2023-09-01,DKI4 (Lubang Buaya),117.0,,27.0,24.0,34.0,24.0,117.0,PM25,TIDAK SEHAT
4627,2023-09-02,DKI4 (Lubang Buaya),112.0,,28.0,23.0,33.0,21.0,112.0,PM25,TIDAK SEHAT
4628,2023-09-03,DKI4 (Lubang Buaya),102.0,,26.0,18.0,32.0,17.0,102.0,PM25,TIDAK SEHAT
4629,2023-09-04,DKI4 (Lubang Buaya),96.0,,27.0,18.0,33.0,14.0,96.0,PM25,SEDANG
4630,2023-09-05,DKI4 (Lubang Buaya),134.0,,27.0,28.0,29.0,21.0,134.0,PM25,TIDAK SEHAT
4631,2023-09-06,DKI4 (Lubang Buaya),104.0,,28.0,21.0,29.0,20.0,104.0,PM25,TIDAK SEHAT
4632,2023-09-07,DKI4 (Lubang Buaya),121.0,88.0,27.0,26.0,39.0,22.0,121.0,PM25,TIDAK SEHAT
4633,2023-09-08,DKI4 (Lubang Buaya),117.0,89.0,29.0,22.0,28.0,17.0,117.0,PM25,TIDAK SEHAT
4634,2023-09-09,DKI4 (Lubang Buaya),111.0,80.0,28.0,21.0,29.0,16.0,111.0,PM25,TIDAK SEHAT
4635,2023-09-10,DKI4 (Lubang Buaya),99.0,69.0,27.0,18.0,27.0,15.0,99.0,PM25,SEDANG
4636,2023-09-11,DKI4 (Lubang Buaya),126.0,,27.0,22.0,33.0,18.0,126.0,PM25,TIDAK SEHAT
4637,2023-09-12,DKI4 (Lubang Buaya),152.0,81.0,27.0,19.0,19.0,19.0,152.0,PM25,TIDAK SEHAT
4638,2023-09-13,DKI4 (Lubang Buaya),107.0,71.0,28.0,17.0,23.0,15.0,107.0,PM25,TIDAK SEHAT
4639,2023-09-14,DKI4 (Lubang Buaya),93.0,62.0,27.0,16.0,24.0,13.0,93.0,PM25,SEDANG
4640,2023-09-15,DKI4 (Lubang Buaya),108.0,70.0,27.0,21.0,29.0,18.0,108.0,PM25,TIDAK SEHAT
4641,2023-09-16,DKI4 (Lubang Buaya),113.0,76.0,28.0,20.0,26.0,18.0,113.0,PM25,TIDAK SEHAT
4642,2023-09-17,DKI4 (Lubang Buaya),110.0,77.0,27.0,19.0,25.0,15.0,110.0,PM25,TIDAK SEHAT
4643,2023-09-18,DKI4 (Lubang Buaya),86.0,59.0,28.0,16.0,28.0,12.0,86.0,PM25,SEDANG
4644,2023-09-19,DKI4 (Lubang Buaya),109.0,77.0,28.0,24.0,40.0,21.0,109.0,PM25,TIDAK SEHAT
4645,2023-09-20,DKI4 (Lubang Buaya),98.0,71.0,28.0,21.0,26.0,17.0,98.0,PM25,SEDANG
4646,2023-09-21,DKI4 (Lubang Buaya),101.0,69.0,28.0,24.0,29.0,19.0,101.0,PM25,TIDAK SEHAT
4647,2023-09-22,DKI4 (Lubang Buaya),93.0,68.0,28.0,20.0,26.0,23.0,93.0,PM25,SEDANG
4648,2023-09-23,DKI4 (Lubang Buaya),111.0,78.0,28.0,22.0,30.0,20.0,111.0,PM25,TIDAK SEHAT
4649,2023-09-24,DKI4 (Lubang Buaya),92.0,65.0,28.0,23.0,26.0,16.0,92.0,PM25,SEDANG
4650,2023-09-25,DKI4 (Lubang Buaya),114.0,76.0,30.0,23.0,,24.0,114.0,PM25,TIDAK SEHAT
4651,2023-09-26,DKI4 (Lubang Buaya),249.0,85.0,28.0,18.0,26.0,20.0,249.0,PM25,SANGAT TIDAK SEHAT
4652,2023-09-27,DKI4 (Lubang Buaya),217.0,,28.0,22.0,23.0,22.0,217.0,PM25,SANGAT TIDAK SEHAT
4653,2023-09-28,DKI4 (Lubang Buaya),287.0,163.0,29.0,17.0,29.0,19.0,287.0,PM25,SANGAT TIDAK SEHAT
4654,2023-09-29,DKI4 (Lubang Buaya),143.0,129.0,29.0,21.0,24.0,23.0,143.0,PM25,TIDAK SEHAT
4655,2023-09-30,DKI4 (Lubang Buaya),,,,,,,,,TIDAK ADA DATA
4656,2023-10-01,DKI4 (Lubang Buaya),199.0,126.0,29.0,26.0,27.0,25.0,199.0,PM25,TIDAK SEHAT
4657,2023-10-02,DKI4 (Lubang Buaya),120.0,86.0,30.0,25.0,24.0,25.0,120.0,PM25,TIDAK SEHAT
4658,2023-10-03,DKI4 (Lubang Buaya),93.0,64.0,29.0,15.0,28.0,19.0,93.0,PM25,SEDANG
4659,2023-10-04,DKI4 (Lubang Buaya),115.0,76.0,29.0,20.0,26.0,25.0,115.0,PM25,TIDAK SEHAT
4660,2023-10-05,DKI4 (Lubang Buaya),123.0,84.0,28.0,20.0,21.0,12.0,123.0,PM25,TIDAK SEHAT
4661,2023-10-06,DKI4 (Lubang Buaya),111.0,80.0,28.0,20.0,24.0,15.0,111.0,PM25,TIDAK SEHAT
4662,2023-10-07,DKI4 (Lubang Buaya),141.0,97.0,29.0,33.0,23.0,28.0,141.0,PM25,TIDAK SEHAT
4663,2023-10-08,DKI4 (Lubang Buaya),148.0,97.0,29.0,21.0,21.0,16.0,148.0,PM25,TIDAK SEHAT
4664,2023-10-09,DKI4 (Lubang Buaya),122.0,80.0,28.0,17.0,20.0,11.0,122.0,PM25,TIDAK SEHAT
4665,2023-10-10,DKI4 (Lubang Buaya),121.0,88.0,30.0,16.0,18.0,10.0,121.0,PM25,TIDAK SEHAT
4666,2023-10-11,DKI4 (Lubang Buaya),106.0,75.0,31.0,18.0,19.0,14.0,106.0,PM25,TIDAK SEHAT
4667,2023-10-12,DKI4 (Lubang Buaya),123.0,82.0,30.0,22.0,23.0,15.0,123.0,PM25,TIDAK SEHAT
4668,2023-10-13,DKI4 (Lubang Buaya),121.0,82.0,29.0,19.0,29.0,12.0,121.0,PM25,TIDAK SEHAT
4669,2023-10-14,DKI4 (Lubang Buaya),110.0,78.0,29.0,20.0,24.0,17.0,110.0,PM25,TIDAK SEHAT
4670,2023-10-15,DKI4 (Lubang Buaya),117.0,79.0,29.0,20.0,20.0,14.0,117.0,PM25,TIDAK SEHAT
4671,2023-10-16,DKI4 (Lubang Buaya),122.0,82.0,30.0,20.0,22.0,16.0,122.0,PM25,TIDAK SEHAT
4672,2023-10-17,DKI4 (Lubang Buaya),129.0,81.0,29.0,18.0,24.0,14.0,129.0,PM25,TIDAK SEHAT
4673,2023-10-18,DKI4 (Lubang Buaya),122.0,88.0,29.0,25.0,24.0,21.0,122.0,PM25,TIDAK SEHAT
4674,2023-10-19,DKI4 (Lubang Buaya),116.0,82.0,30.0,19.0,23.0,14.0,116.0,PM25,TIDAK SEHAT
4675,2023-10-20,DKI4 (Lubang Buaya),106.0,75.0,29.0,16.0,23.0,10.0,106.0,PM25,TIDAK SEHAT
4676,2023-10-21,DKI4 (Lubang Buaya),109.0,77.0,30.0,24.0,19.0,21.0,109.0,PM25,TIDAK SEHAT
4677,2023-10-22,DKI4 (Lubang Buaya),114.0,77.0,29.0,26.0,23.0,20.0,114.0,PM25,TIDAK SEHAT
4678,2023-10-23,DKI4 (Lubang Buaya),133.0,86.0,29.0,20.0,22.0,16.0,133.0,PM25,TIDAK SEHAT
4679,2023-10-24,DKI4 (Lubang Buaya),107.0,75.0,29.0,20.0,27.0,17.0,107.0,PM25,TIDAK SEHAT
4680,2023-10-25,DKI4 (Lubang Buaya),103.0,61.0,28.0,20.0,34.0,17.0,103.0,PM25,TIDAK SEHAT
4681,2023-10-26,DKI4 (Lubang Buaya),114.0,82.0,30.0,29.0,26.0,22.0,114.0,PM25,TIDAK SEHAT
4682,2023-10-27,DKI4 (Lubang Buaya),116.0,83.0,30.0,27.0,27.0,23.0,116.0,PM25,TIDAK SEHAT
4683,2023-10-28,DKI4 (Lubang Buaya),122.0,81.0,29.0,26.0,22.0,22.0,122.0,PM25,TIDAK SEHAT
4684,2023-10-29,DKI4 (Lubang Buaya),150.0,94.0,30.0,20.0,25.0,16.0,150.0,PM25,TIDAK SEHAT
4685,2023-10-30,DKI4 (Lubang Buaya),108.0,92.0,32.0,22.0,28.0,20.0,108.0,PM25,TIDAK SEHAT
4686,2023-10-31,DKI4 (Lubang Buaya),108.0,81.0,29.0,22.0,33.0,20.0,108.0,PM25,TIDAK SEHAT
4687,2023-11-01,DKI4 (Lubang Buaya),104.0,80.0,34.0,24.0,24.0,27.0,104.0,PM25,TIDAK SEHAT
4688,2023-11-02,DKI4 (Lubang Buaya),109.0,80.0,29.0,31.0,27.0,26.0,109.0,PM25,TIDAK SEHAT
4689,2023-11-03,DKI4 (Lubang Buaya),108.0,82.0,29.0,34.0,24.0,28.0,108.0,PM25,TIDAK SEHAT
4690,2023-11-04,DKI4 (Lubang Buaya),124.0,89.0,30.0,32.0,19.0,27.0,124.0,PM25,TIDAK SEHAT
4691,2023-11-05,DKI4 (Lubang Buaya),74.0,59.0,28.0,22.0,15.0,16.0,74.0,PM25,SEDANG
4692,2023-11-06,DKI4 (Lubang Buaya),92.0,67.0,30.0,43.0,,19.0,92.0,PM25,SEDANG
4693,2023-11-07,DKI4 (Lubang Buaya),107.0,71.0,29.0,26.0,18.0,19.0,107.0,PM25,TIDAK SEHAT
4694,2023-11-08,DKI4 (Lubang Buaya),92.0,66.0,29.0,21.0,18.0,18.0,92.0,PM25,SEDANG
4695,2023-11-09,DKI4 (Lubang Buaya),109.0,73.0,30.0,20.0,24.0,19.0,109.0,PM25,TIDAK SEHAT
4696,2023-11-10,DKI4 (Lubang Buaya),109.0,78.0,30.0,27.0,27.0,24.0,109.0,PM25,TIDAK SEHAT
4697,2023-11-11,DKI4 (Lubang Buaya),90.0,67.0,28.0,23.0,24.0,17.0,90.0,PM25,SEDANG
4698,2023-11-12,DKI4 (Lubang Buaya),93.0,65.0,30.0,21.0,23.0,15.0,93.0,PM25,SEDANG
4699,2023-11-13,DKI4 (Lubang Buaya),,,,,,,,,TIDAK ADA DATA
4700,2023-11-14,DKI4 (Lubang Buaya),109.0,75.0,30.0,22.0,19.0,16.0,109.0,PM25,TIDAK SEHAT
4701,2023-11-15,DKI4 (Lubang Buaya),79.0,55.0,29.0,20.0,15.0,15.0,79.0,PM25,SEDANG
4702,2023-11-16,DKI4 (Lubang Buaya),95.0,63.0,30.0,25.0,21.0,26.0,95.0,PM25,SEDANG
4703,2023-11-17,DKI4 (Lubang Buaya),87.0,65.0,30.0,27.0,25.0,28.0,87.0,PM25,SEDANG
4704,2023-11-18,DKI4 (Lubang Buaya),,60.0,31.0,22.0,14.0,27.0,60.0,PM10,SEDANG
4705,2023-11-19,DKI4 (Lubang Buaya),,56.0,29.0,22.0,20.0,18.0,56.0,PM10,SEDANG
4706,2023-11-20,DKI4 (Lubang Buaya),,63.0,30.0,14.0,22.0,12.0,63.0,PM10,SEDANG
4707,2023-11-21,DKI4 (Lubang Buaya),89.0,59.0,30.0,18.0,19.0,18.0,89.0,PM25,SEDANG
4708,2023-11-22,DKI4 (Lubang Buaya),74.0,58.0,30.0,19.0,24.0,19.0,74.0,PM25,SEDANG
4709,2023-11-23,DKI4 (Lubang Buaya),75.0,67.0,31.0,21.0,21.0,22.0,75.0,PM25,SEDANG
4710,2023-11-24,DKI4 (Lubang Buaya),82.0,83.0,29.0,41.0,20.0,29.0,83.0,PM10,SEDANG
4711,2023-11-25,DKI4 (Lubang Buaya),54.0,63.0,29.0,25.0,15.0,21.0,63.0,PM10,SEDANG
4712,2023-11-26,DKI4 (Lubang Buaya),33.0,55.0,30.0,28.0,17.0,19.0,55.0,PM10,SEDANG
4713,2023-11-27,DKI4 (Lubang Buaya),57.0,67.0,31.0,19.0,24.0,20.0,67.0,PM10,SEDANG
4714,2023-11-28,DKI4 (Lubang Buaya),,60.0,30.0,22.0,17.0,23.0,60.0,PM10,SEDANG
4715,2023-11-29,DKI4 (Lubang Buaya),105.0,71.0,30.0,19.0,22.0,14.0,105.0,PM25,TIDAK SEHAT
4716,2023-11-30,DKI4 (Lubang Buaya),67.0,46.0,29.0,18.0,23.0,17.0,67.0,PM25,SEDANG
4717,2023-12-01,DKI4 (Lubang Buaya),93.0,64.0,52.0,7.0,27.0,19.0,93.0,PM25,SEDANG
4718,2023-12-02,DKI4 (Lubang Buaya),94.0,60.0,52.0,9.0,20.0,18.0,94.0,PM25,SEDANG
4719,2023-12-03,DKI4 (Lubang Buaya),100.0,55.0,52.0,7.0,26.0,17.0,100.0,PM25,SEDANG
4720,2023-12-04,DKI4 (Lubang Buaya),95.0,65.0,52.0,9.0,18.0,14.0,95.0,PM25,SEDANG
4721,2023-12-05,DKI4 (Lubang Buaya),117.0,74.0,52.0,9.0,21.0,13.0,117.0,PM25,TIDAK SEHAT
4722,2023-12-06,DKI4 (Lubang Buaya),107.0,70.0,,,,,107.0,PM25,TIDAK SEHAT
4723,2023-12-07,DKI4 (Lubang Buaya),88.0,53.0,52.0,11.0,13.0,18.0,88.0,PM25,SEDANG
4724,2023-12-08,DKI4 (Lubang Buaya),85.0,50.0,52.0,6.0,25.0,18.0,85.0,PM25,SEDANG
4725,2023-12-09,DKI4 (Lubang Buaya),91.0,54.0,51.0,10.0,12.0,18.0,91.0,PM25,SEDANG
4726,2023-12-10,DKI4 (Lubang Buaya),72.0,42.0,52.0,8.0,10.0,11.0,72.0,PM25,SEDANG
4727,2023-12-11,DKI4 (Lubang Buaya),72.0,44.0,52.0,6.0,10.0,16.0,72.0,PM25,SEDANG
4728,2023-12-12,DKI4 (Lubang Buaya),62.0,37.0,51.0,3.0,16.0,10.0,62.0,PM25,SEDANG
4729,2023-12-13,DKI4 (Lubang Buaya),67.0,47.0,51.0,6.0,8.0,15.0,67.0,PM25,SEDANG
4730,2023-12-14,DKI4 (Lubang Buaya),66.0,39.0,51.0,5.0,8.0,12.0,66.0,PM25,SEDANG
4731,2023-12-15,DKI4 (Lubang Buaya),60.0,27.0,52.0,1.0,13.0,8.0,60.0,PM25,SEDANG
4732,2023-12-16,DKI4 (Lubang Buaya),83.0,56.0,52.0,5.0,14.0,13.0,83.0,PM25,SEDANG
4733,2023-12-17,DKI4 (Lubang Buaya),98.0,65.0,52.0,14.0,13.0,15.0,98.0,PM25,SEDANG
4734,2023-12-18,DKI4 (Lubang Buaya),96.0,61.0,52.0,7.0,17.0,19.0,96.0,PM25,SEDANG
4735,2023-12-19,DKI4 (Lubang Buaya),99.0,64.0,52.0,10.0,20.0,15.0,99.0,PM25,SEDANG
4736,2023-12-20,DKI4 (Lubang Buaya),154.0,85.0,52.0,10.0,11.0,13.0,154.0,PM25,TIDAK SEHAT
4737,2023-12-21,DKI4 (Lubang Buaya),77.0,53.0,54.0,5.0,16.0,19.0,77.0,PM25,SEDANG
4738,2023-12-22,DKI4 (Lubang Buaya),65.0,49.0,52.0,5.0,10.0,12.0,65.0,PM25,SEDANG
4739,2023-12-23,DKI4 (Lubang Buaya),39.0,22.0,52.0,2.0,11.0,8.0,52.0,SO2,SEDANG
4740,2023-12-24,DKI4 (Lubang Buaya),83.0,,52.0,7.0,13.0,16.0,83.0,PM25,SEDANG
4741,2023-12-25,DKI4 (Lubang Buaya),56.0,,52.0,5.0,10.0,13.0,56.0,PM25,SEDANG
4742,2023-12-26,DKI4 (Lubang Buaya),58.0,,52.0,4.0,10.0,14.0,58.0,PM25,SEDANG
4743,2023-12-27,DKI4 (Lubang Buaya),47.0,,52.0,3.0,7.0,9.0,52.0,SO2,SEDANG
4744,2023-12-28,DKI4 (Lubang Buaya),63.0,,52.0,5.0,6.0,9.0,63.0,PM25,SEDANG
4745,2023-12-29,DKI4 (Lubang Buaya),35.0,,52.0,2.0,8.0,8.0,52.0,SO2,SEDANG
4746,2023-12-30,DKI4 (Lubang Buaya),64.0,32.0,52.0,7.0,8.0,12.0,64.0,PM25,SEDANG
4747,2023-12-31,DKI4 (Lubang Buaya),73.0,49.0,,,,,73.0,PM25,SEDANG
